UID,trk,dtick,atick,amicro,type,ch,D0,D1,sci_pitch
    0,  0,         0,         0,         0,tsig,1,2,,    
    1,  0,         0,         0,         0,ksig,,,,    
    2,  0,         0,         0,         0,tempo,225,bpm,,    
   85,  1,         0,         0,         0,name,,,,    
   86,  1,         0,         0,         0, pgm,  0,  1,  0,    
   87,  1,         0,         0,         0, ctl,  0, 64,  0,    
   88,  1,         0,         0,         0, ctl,  0, 64,  0,    
  812,  2,         1,         1,       260,copy,,,,    
  813,  2,         0,         1,       260,eot,,,,    
    3,  0,      1024,      1024,    266240,tsig,9,3,,    
    4,  0,         0,      1024,    266240,tempo,165,bpm,,    
   89,  1,      1024,      1024,    266240, ctl,  0, 64,  0,    
   90,  1,         0,      1024,    266240, ctl,  0, 64,  0,    
   91,  1,         0,      1024,    266240, non,  0, 58, 48, A#3
   92,  1,       397,      1421,    407175, ctl,  0, 64,127,    
    5,  0,       512,      1536,    448000,tempo,195,bpm,,    
   93,  1,       115,      1536,    448000, non,  0, 69, 56,  A4
   94,  1,       512,      2048,    601600, non,  0, 48, 34,  C3
   95,  1,       512,      2560,    755200, nof,  0, 48,  0,    
   96,  1,         0,      2560,    755200, non,  0, 42, 34, F#2
    6,  0,      2048,      3584,   1062400,tempo,225,bpm,,    
   97,  1,      1024,      3584,   1062400, nof,  0, 69,  0,    
   98,  1,         0,      3584,   1062400, non,  0, 68, 55, G#4
   99,  1,         0,      3584,   1062400, nof,  0, 42,  0,    
  100,  1,         0,      3584,   1062400, non,  0, 48, 35,  C3
    7,  0,       512,      4096,   1195520,tempo,180,bpm,,    
  101,  1,       512,      4096,   1195520, ctl,  0, 64,  0,    
  102,  1,         0,      4096,   1195520, nof,  0, 68,  0,    
  103,  1,         0,      4096,   1195520, non,  0, 67, 55,  G4
  104,  1,       384,      4480,   1320320, ctl,  0, 64,127,    
    8,  0,       512,      4608,   1361920,tempo,195,bpm,,    
  105,  1,       128,      4608,   1361920, nof,  0, 67,  0,    
  106,  1,         0,      4608,   1361920, non,  0, 64, 55,  E4
  107,  1,         0,      4608,   1361920, nof,  0, 48,  0,    
  108,  1,         0,      4608,   1361920, non,  0, 42, 35, F#2
  109,  1,       512,      5120,   1515520, nof,  0, 64,  0,    
  110,  1,         0,      5120,   1515520, non,  0, 63, 54, D#4
  111,  1,       512,      5632,   1669120, ctl,  0, 64,  0,    
  112,  1,         0,      5632,   1669120, ctl,  0, 64,127,    
  113,  1,         0,      5632,   1669120, nof,  0, 63,  0,    
  114,  1,         0,      5632,   1669120, nof,  0, 58,  0,    
  115,  1,         0,      5632,   1669120, nof,  0, 42,  0,    
  116,  1,         0,      5632,   1669120, non,  0, 55, 42,  G3
  117,  1,         0,      5632,   1669120, non,  0, 61, 42, C#4
  118,  1,         0,      5632,   1669120, non,  0, 64, 42,  E4
  119,  1,         0,      5632,   1669120, non,  0, 69, 42,  A4
  120,  1,         0,      5632,   1669120, non,  0, 73, 59, C#5
  121,  1,       175,      5807,   1721620, ctl,  0, 64,  0,    
  122,  1,       321,      6128,   1817920, ctl,  0, 64,127,    
  123,  1,        16,      6144,   1822720, non,  0, 48, 36,  C3
  124,  1,       512,      6656,   1976320, nof,  0, 48,  0,    
  125,  1,         0,      6656,   1976320, non,  0, 42, 36, F#2
  126,  1,       512,      7168,   2129920, nof,  0, 42,  0,    
  127,  1,         0,      7168,   2129920, non,  0, 48, 37,  C3
  128,  1,      1024,      8192,   2437120, nof,  0, 48,  0,    
  129,  1,         0,      8192,   2437120, non,  0, 42, 37, F#2
  130,  1,       512,      8704,   2590720, nof,  0, 42,  0,    
  131,  1,         0,      8704,   2590720, non,  0, 48, 38,  C3
  132,  1,       512,      9216,   2744320, nof,  0, 48,  0,    
  133,  1,         0,      9216,   2744320, non,  0, 42, 38, F#2
  134,  1,       512,      9728,   2897920, nof,  0, 42,  0,    
  135,  1,         0,      9728,   2897920, non,  0, 48, 38,  C3
    9,  0,      5632,     10240,   3051520,tempo,165,bpm,,    
  136,  1,       512,     10240,   3051520, ctl,  0, 64,  0,    
  137,  1,         0,     10240,   3051520, ctl,  0, 64,127,    
  138,  1,         0,     10240,   3051520, nof,  0, 55,  0,    
  139,  1,         0,     10240,   3051520, nof,  0, 61,  0,    
  140,  1,         0,     10240,   3051520, nof,  0, 64,  0,    
  141,  1,         0,     10240,   3051520, nof,  0, 69,  0,    
  142,  1,         0,     10240,   3051520, nof,  0, 73,  0,    
  143,  1,         0,     10240,   3051520, nof,  0, 48,  0,    
  144,  1,         0,     10240,   3051520, non,  0, 58, 64, A#3
  145,  1,       216,     10456,   3128200, ctl,  0, 64,  0,    
  146,  1,       181,     10637,   3192455, ctl,  0, 64,127,    
   10,  0,       512,     10752,   3233280,tempo,195,bpm,,    
  147,  1,       115,     10752,   3233280, non,  0, 64, 65,  E4
  148,  1,       512,     11264,   3386880, non,  0, 75, 65, D#5
  149,  1,         0,     11264,   3386880, non,  0, 48, 39,  C3
  150,  1,       512,     11776,   3540480, nof,  0, 48,  0,    
  151,  1,         0,     11776,   3540480, non,  0, 42, 39, F#2
   11,  0,      2048,     12800,   3847680,tempo,225,bpm,,    
  152,  1,      1024,     12800,   3847680, nof,  0, 75,  0,    
  153,  1,         0,     12800,   3847680, non,  0, 74, 63,  D5
  154,  1,         0,     12800,   3847680, nof,  0, 42,  0,    
  155,  1,         0,     12800,   3847680, non,  0, 48, 40,  C3
  156,  1,       512,     13312,   3980800, ctl,  0, 64,  0,    
  157,  1,         0,     13312,   3980800, nof,  0, 74,  0,    
  158,  1,         0,     13312,   3980800, non,  0, 73, 67, C#5
  159,  1,       384,     13696,   4080640, ctl,  0, 64,127,    
   12,  0,      1024,     13824,   4113920,tempo,195,bpm,,    
  160,  1,       128,     13824,   4113920, nof,  0, 73,  0,    
  161,  1,         0,     13824,   4113920, non,  0, 70, 64, A#4
  162,  1,         0,     13824,   4113920, nof,  0, 48,  0,    
  163,  1,         0,     13824,   4113920, non,  0, 42, 41, F#2
  164,  1,       512,     14336,   4267520, nof,  0, 70,  0,    
  165,  1,         0,     14336,   4267520, non,  0, 69, 62,  A4
   13,  0,      1024,     14848,   4421120,tempo,120,bpm,,    
  166,  1,       512,     14848,   4421120, ctl,  0, 64,  0,    
  167,  1,         0,     14848,   4421120, ctl,  0, 64,127,    
  168,  1,         0,     14848,   4421120, ctl,  0, 64,  0,    
  169,  1,         0,     14848,   4421120, nof,  0, 69,  0,    
  170,  1,         0,     14848,   4421120, nof,  0, 64,  0,    
  171,  1,         0,     14848,   4421120, nof,  0, 42,  0,    
  172,  1,         0,     14848,   4421120, nof,  0, 58,  0,    
  173,  1,         0,     14848,   4421120, non,  0, 61, 64, C#4
  174,  1,         0,     14848,   4421120, non,  0, 67, 64,  G4
  175,  1,         0,     14848,   4421120, non,  0, 70, 64, A#4
  176,  1,         0,     14848,   4421120, non,  0, 75, 64, D#5
  177,  1,         0,     14848,   4421120, non,  0, 79, 84,  G5
  178,  1,       175,     15023,   4506520, ctl,  0, 64,  0,    
  179,  1,       321,     15344,   4663168, ctl,  0, 64,127,    
   14,  0,       512,     15360,   4670976,tempo,195,bpm,,    
  180,  1,        16,     15360,   4670976, non,  0, 81, 84,  A5
  181,  1,         0,     15360,   4670976, non,  0, 48, 41,  C3
  182,  1,       512,     15872,   4824576, nof,  0, 48,  0,    
  183,  1,         0,     15872,   4824576, non,  0, 42, 41, F#2
  184,  1,       512,     16384,   4978176, nof,  0, 42,  0,    
  185,  1,         0,     16384,   4978176, non,  0, 48, 41,  C3
  186,  1,      1024,     17408,   5285376, nof,  0, 48,  0,    
  187,  1,         0,     17408,   5285376, non,  0, 42, 41, F#2
  188,  1,       512,     17920,   5438976, nof,  0, 42,  0,    
  189,  1,         0,     17920,   5438976, non,  0, 48, 41,  C3
  190,  1,       512,     18432,   5592576, nof,  0, 48,  0,    
  191,  1,         0,     18432,   5592576, non,  0, 42, 41, F#2
   15,  0,      3584,     18944,   5746176,tempo,120,bpm,,    
  192,  1,       512,     18944,   5746176, nof,  0, 81,  0,    
  193,  1,         0,     18944,   5746176, non,  0, 81, 84,  A5
  194,  1,         0,     18944,   5746176, nof,  0, 42,  0,    
  195,  1,         0,     18944,   5746176, non,  0, 48, 41,  C3
   16,  0,       512,     19456,   5996032,tempo,195,bpm,,    
  196,  1,       512,     19456,   5996032, ctl,  0, 64,  0,    
  197,  1,         0,     19456,   5996032, ctl,  0, 64,127,    
  198,  1,         0,     19456,   5996032, ctl,  0, 64,  0,    
  199,  1,         0,     19456,   5996032, nof,  0, 81,  0,    
  200,  1,         0,     19456,   5996032, nof,  0, 61,  0,    
  201,  1,         0,     19456,   5996032, nof,  0, 67,  0,    
  202,  1,         0,     19456,   5996032, nof,  0, 70,  0,    
  203,  1,         0,     19456,   5996032, nof,  0, 75,  0,    
  204,  1,         0,     19456,   5996032, nof,  0, 79,  0,    
  205,  1,         0,     19456,   5996032, nof,  0, 48,  0,    
  206,  1,         0,     19456,   5996032, non,  0, 64, 40,  E4
  207,  1,         0,     19456,   5996032, non,  0, 70, 40, A#4
  208,  1,         0,     19456,   5996032, non,  0, 81, 55,  A5
  209,  1,       216,     19672,   6060832, ctl,  0, 64,  0,    
  210,  1,       181,     19853,   6115132, ctl,  0, 64,127,    
  211,  1,       627,     20480,   6303232, non,  0, 48, 33,  C3
  212,  1,       512,     20992,   6456832, nof,  0, 48,  0,    
  213,  1,         0,     20992,   6456832, non,  0, 42, 34, F#2
  214,  1,      1024,     22016,   6764032, nof,  0, 81,  0,    
  215,  1,         0,     22016,   6764032, non,  0, 80, 55, G#5
  216,  1,         0,     22016,   6764032, nof,  0, 42,  0,    
  217,  1,         0,     22016,   6764032, non,  0, 48, 36,  C3
   17,  0,      3072,     22528,   6917632,tempo,165,bpm,,    
  218,  1,       512,     22528,   6917632, ctl,  0, 64,  0,    
  219,  1,         0,     22528,   6917632, nof,  0, 80,  0,    
  220,  1,         0,     22528,   6917632, non,  0, 79, 55,  G5
  221,  1,       384,     22912,   7053952, ctl,  0, 64,127,    
   18,  0,       512,     23040,   7099392,tempo,195,bpm,,    
  222,  1,       128,     23040,   7099392, nof,  0, 79,  0,    
  223,  1,         0,     23040,   7099392, non,  0, 76, 55,  E5
  224,  1,         0,     23040,   7099392, nof,  0, 48,  0,    
  225,  1,         0,     23040,   7099392, non,  0, 42, 38, F#2
  226,  1,       512,     23552,   7252992, nof,  0, 76,  0,    
  227,  1,         0,     23552,   7252992, non,  0, 75, 55, D#5
   19,  0,      1024,     24064,   7406592,tempo,120,bpm,,    
  228,  1,       512,     24064,   7406592, ctl,  0, 64,  0,    
  229,  1,         0,     24064,   7406592, ctl,  0, 64,127,    
  230,  1,         0,     24064,   7406592, ctl,  0, 64,  0,    
  231,  1,         0,     24064,   7406592, ctl,  0, 64,  0,    
  232,  1,         0,     24064,   7406592, nof,  0, 75,  0,    
  233,  1,         0,     24064,   7406592, nof,  0, 64,  0,    
  234,  1,         0,     24064,   7406592, nof,  0, 70,  0,    
  235,  1,         0,     24064,   7406592, nof,  0, 42,  0,    
  236,  1,         0,     24064,   7406592, non,  0, 61, 49, C#4
  237,  1,         0,     24064,   7406592, non,  0, 67, 49,  G4
  238,  1,         0,     24064,   7406592, non,  0, 78, 64, F#5
  239,  1,       175,     24239,   7491992, ctl,  0, 64,  0,    
  240,  1,       321,     24560,   7648640, ctl,  0, 64,127,    
   20,  0,       512,     24576,   7656448,tempo,195,bpm,,    
  241,  1,        16,     24576,   7656448, non,  0, 58, 46, A#3
  242,  1,         0,     24576,   7656448, non,  0, 70, 61, A#4
  243,  1,         0,     24576,   7656448, non,  0, 51, 42, D#3
  244,  1,       512,     25088,   7810048, nof,  0, 51,  0,    
  245,  1,         0,     25088,   7810048, non,  0, 45, 43,  A2
  246,  1,       512,     25600,   7963648, nof,  0, 45,  0,    
  247,  1,         0,     25600,   7963648, non,  0, 51, 44, D#3
  248,  1,      1024,     26624,   8270848, nof,  0, 51,  0,    
  249,  1,         0,     26624,   8270848, non,  0, 45, 46,  A2
  250,  1,       512,     27136,   8424448, nof,  0, 45,  0,    
  251,  1,         0,     27136,   8424448, non,  0, 51, 47, D#3
  252,  1,       512,     27648,   8578048, nof,  0, 51,  0,    
  253,  1,         0,     27648,   8578048, non,  0, 45, 48,  A2
   21,  0,      3584,     28160,   8731648,tempo,165,bpm,,    
  254,  1,       512,     28160,   8731648, nof,  0, 58,  0,    
  255,  1,         0,     28160,   8731648, nof,  0, 70,  0,    
  256,  1,         0,     28160,   8731648, non,  0, 58, 50, A#3
  257,  1,         0,     28160,   8731648, non,  0, 70, 66, A#4
  258,  1,         0,     28160,   8731648, nof,  0, 45,  0,    
  259,  1,         0,     28160,   8731648, non,  0, 51, 49, D#3
  260,  1,       512,     28672,   8913408, ctl,  0, 64,  0,    
  261,  1,         0,     28672,   8913408, ctl,  0, 64,127,    
  262,  1,         0,     28672,   8913408, ctl,  0, 64,  0,    
  263,  1,         0,     28672,   8913408, ctl,  0, 64,  0,    
  264,  1,         0,     28672,   8913408, nof,  0, 61,  0,    
  265,  1,         0,     28672,   8913408, nof,  0, 67,  0,    
  266,  1,         0,     28672,   8913408, nof,  0, 78,  0,    
  267,  1,         0,     28672,   8913408, nof,  0, 51,  0,    
  268,  1,         0,     28672,   8913408, non,  0, 61, 50, C#4
  269,  1,       216,     28888,   8990088, ctl,  0, 64,  0,    
  270,  1,       181,     29069,   9054343, ctl,  0, 64,127,    
   22,  0,      1024,     29184,   9095168,tempo,195,bpm,,    
  271,  1,       115,     29184,   9095168, non,  0, 67, 55,  G4
  272,  1,         0,     29184,   9095168, non,  0, 78, 69, F#5
  273,  1,       512,     29696,   9248768, nof,  0, 58,  0,    
  274,  1,         0,     29696,   9248768, nof,  0, 70,  0,    
  275,  1,         0,     29696,   9248768, non,  0, 51, 50, D#3
   23,  0,      1024,     30208,   9402368,tempo,210,bpm,,    
  276,  1,       512,     30208,   9402368, nof,  0, 51,  0,    
  277,  1,         0,     30208,   9402368, non,  0, 45, 51,  A2
  278,  1,      1024,     31232,   9688064, nof,  0, 78,  0,    
  279,  1,         0,     31232,   9688064, non,  0, 77, 62,  F5
  280,  1,         0,     31232,   9688064, nof,  0, 45,  0,    
  281,  1,         0,     31232,   9688064, non,  0, 51, 53, D#3
   24,  0,      1536,     31744,   9830912,tempo,180,bpm,,    
  282,  1,       512,     31744,   9830912, ctl,  0, 64,  0,    
  283,  1,         0,     31744,   9830912, nof,  0, 77,  0,    
  284,  1,         0,     31744,   9830912, non,  0, 76, 63,  E5
  285,  1,       384,     32128,   9955712, ctl,  0, 64,127,    
   25,  0,       512,     32256,   9997312,tempo,210,bpm,,    
  286,  1,       128,     32256,   9997312, nof,  0, 76,  0,    
  287,  1,         0,     32256,   9997312, non,  0, 73, 61, C#5
  288,  1,         0,     32256,   9997312, nof,  0, 51,  0,    
  289,  1,         0,     32256,   9997312, non,  0, 45, 54,  A2
  290,  1,       512,     32768,  10140160, nof,  0, 73,  0,    
  291,  1,         0,     32768,  10140160, non,  0, 72, 63,  C5
   26,  0,      1024,     33280,  10283008,tempo,165,bpm,,    
  292,  1,       512,     33280,  10283008, ctl,  0, 64,  0,    
  293,  1,         0,     33280,  10283008, ctl,  0, 64,127,    
  294,  1,         0,     33280,  10283008, ctl,  0, 64,  0,    
  295,  1,         0,     33280,  10283008, ctl,  0, 64,  0,    
  296,  1,         0,     33280,  10283008, nof,  0, 72,  0,    
  297,  1,         0,     33280,  10283008, nof,  0, 67,  0,    
  298,  1,         0,     33280,  10283008, nof,  0, 45,  0,    
  299,  1,         0,     33280,  10283008, nof,  0, 61,  0,    
  300,  1,         0,     33280,  10283008, non,  0, 64, 64,  E4
  301,  1,       216,     33496,  10359688, ctl,  0, 64,  0,    
  302,  1,       181,     33677,  10423943, ctl,  0, 64,127,    
   27,  0,       512,     33792,  10464768,tempo,225,bpm,,    
  303,  1,       115,     33792,  10464768, non,  0, 75, 70, D#5
  304,  1,       512,     34304,  10597888, non,  0, 54, 58, F#3
  305,  1,       512,     34816,  10731008, nof,  0, 54,  0,    
  306,  1,         0,     34816,  10731008, non,  0, 48, 59,  C3
  307,  1,      1024,     35840,  10997248, nof,  0, 75,  0,    
  308,  1,         0,     35840,  10997248, non,  0, 74, 68,  D5
  309,  1,         0,     35840,  10997248, nof,  0, 48,  0,    
  310,  1,         0,     35840,  10997248, non,  0, 54, 61, F#3
  311,  1,       512,     36352,  11130368, ctl,  0, 64,  0,    
  312,  1,         0,     36352,  11130368, nof,  0, 74,  0,    
  313,  1,         0,     36352,  11130368, non,  0, 73, 71, C#5
  314,  1,       384,     36736,  11230208, ctl,  0, 64,127,    
  315,  1,       128,     36864,  11263488, nof,  0, 73,  0,    
  316,  1,         0,     36864,  11263488, non,  0, 70, 69, A#4
  317,  1,         0,     36864,  11263488, nof,  0, 54,  0,    
  318,  1,         0,     36864,  11263488, non,  0, 48, 62,  C3
  319,  1,       512,     37376,  11396608, nof,  0, 70,  0,    
  320,  1,         0,     37376,  11396608, non,  0, 69, 67,  A4
  321,  1,       512,     37888,  11529728, ctl,  0, 64,  0,    
  322,  1,         0,     37888,  11529728, ctl,  0, 64,127,    
  323,  1,         0,     37888,  11529728, nof,  0, 69,  0,    
  324,  1,         0,     37888,  11529728, nof,  0, 64,  0,    
  325,  1,         0,     37888,  11529728, nof,  0, 48,  0,    
  326,  1,         0,     37888,  11529728, non,  0, 72, 75,  C5
  327,  1,         0,     37888,  11529728, non,  0, 51, 49, D#3
  328,  1,         0,     37888,  11529728, non,  0, 57, 49,  A3
  329,  1,         0,     37888,  11529728, non,  0, 61, 49, C#4
  330,  1,         0,     37888,  11529728, non,  0, 64, 64,  E4
  331,  1,       251,     38139,  11594988, ctl,  0, 64,  0,    
  332,  1,       282,     38421,  11668308, ctl,  0, 64,127,    
  333,  1,      1515,     39936,  12062208, non,  0, 67, 55,  G4
  334,  1,        50,     39986,  12075208, nof,  0, 72,  0,    
  335,  1,       462,     40448,  12195328, non,  0, 66, 55, F#4
  336,  1,        50,     40498,  12208328, nof,  0, 67,  0,    
   28,  0,      7168,     40960,  12328448,tempo,195,bpm,,    
  337,  1,       462,     40960,  12328448, non,  0, 69, 59,  A4
  338,  1,        50,     41010,  12343448, nof,  0, 66,  0,    
  339,  1,        13,     41023,  12347348, ctl,  0, 64,  0,    
  340,  1,       282,     41305,  12431948, ctl,  0, 64,127,    
   29,  0,       512,     41472,  12482048,tempo,225,bpm,,    
  341,  1,       167,     41472,  12482048, non,  0, 70, 57, A#4
  342,  1,        50,     41522,  12495048, nof,  0, 69,  0,    
  343,  1,       462,     41984,  12615168, non,  0, 69, 55,  A4
  344,  1,        50,     42034,  12628168, nof,  0, 70,  0,    
  345,  1,       462,     42496,  12748288, ctl,  0, 64,  0,    
  346,  1,         0,     42496,  12748288, ctl,  0, 64,127,    
  347,  1,         0,     42496,  12748288, ctl,  0, 64,  0,    
  348,  1,         0,     42496,  12748288, non,  0, 72, 60,  C5
  349,  1,        50,     42546,  12761288, nof,  0, 69,  0,    
  350,  1,       201,     42747,  12813548, ctl,  0, 64,  0,    
  351,  1,       261,     43008,  12881408, non,  0, 67, 56,  G4
  352,  1,        21,     43029,  12886868, ctl,  0, 64,127,    
  353,  1,        29,     43058,  12894408, nof,  0, 72,  0,    
  354,  1,       462,     43520,  13014528, non,  0, 66, 53, F#4
  355,  1,        50,     43570,  13027528, nof,  0, 67,  0,    
  356,  1,       462,     44032,  13147648, non,  0, 69, 55,  A4
  357,  1,        31,     44063,  13155708, ctl,  0, 64,  0,    
  358,  1,        19,     44082,  13160648, nof,  0, 66,  0,    
  359,  1,       295,     44377,  13237348, ctl,  0, 64,127,    
  360,  1,       167,     44544,  13280768, non,  0, 70, 57, A#4
  361,  1,        50,     44594,  13293768, nof,  0, 69,  0,    
  362,  1,       462,     45056,  13413888, non,  0, 69, 58,  A4
  363,  1,        50,     45106,  13426888, nof,  0, 70,  0,    
   30,  0,      4096,     45568,  13547008,tempo,195,bpm,,    
  364,  1,       462,     45568,  13547008, non,  0, 72, 60,  C5
  365,  1,        50,     45618,  13562008, nof,  0, 69,  0,    
   31,  0,       512,     46080,  13700608,tempo,225,bpm,,    
  366,  1,       462,     46080,  13700608, non,  0, 70, 57, A#4
  367,  1,        50,     46130,  13713608, nof,  0, 72,  0,    
  368,  1,       462,     46592,  13833728, non,  0, 69, 55,  A4
  369,  1,        50,     46642,  13846728, nof,  0, 70,  0,    
   32,  0,      1024,     47104,  13966848,tempo,195,bpm,,    
  370,  1,       462,     47104,  13966848, ctl,  0, 64,  0,    
  371,  1,         0,     47104,  13966848, ctl,  0, 64,127,    
  372,  1,         0,     47104,  13966848, ctl,  0, 64,  0,    
  373,  1,         0,     47104,  13966848, nof,  0, 51,  0,    
  374,  1,         0,     47104,  13966848, nof,  0, 57,  0,    
  375,  1,         0,     47104,  13966848, nof,  0, 61,  0,    
  376,  1,         0,     47104,  13966848, nof,  0, 64,  0,    
  377,  1,         0,     47104,  13966848, non,  0, 72, 58,  C5
  378,  1,         0,     47104,  13966848, non,  0, 48, 55,  C3
  379,  1,         0,     47104,  13966848, non,  0, 54, 55, F#3
  380,  1,         0,     47104,  13966848, non,  0, 58, 55, A#3
  381,  1,         0,     47104,  13966848, non,  0, 64, 67,  E4
  382,  1,        50,     47154,  13981848, nof,  0, 69,  0,    
  383,  1,       201,     47355,  14042148, ctl,  0, 64,  0,    
   33,  0,       512,     47616,  14120448,tempo,225,bpm,,    
  384,  1,       261,     47616,  14120448, non,  0, 73, 61, C#5
  385,  1,        21,     47637,  14125908, ctl,  0, 64,127,    
  386,  1,        29,     47666,  14133448, nof,  0, 72,  0,    
  387,  1,       462,     48128,  14253568, non,  0, 72, 63,  C5
  388,  1,        50,     48178,  14266568, nof,  0, 73,  0,    
  389,  1,       462,     48640,  14386688, non,  0, 75, 66, D#5
  390,  1,        50,     48690,  14399688, nof,  0, 72,  0,    
  391,  1,        44,     48734,  14411128, ctl,  0, 64,  0,    
  392,  1,       314,     49048,  14492768, ctl,  0, 64,127,    
  393,  1,       104,     49152,  14519808, non,  0, 70, 63, A#4
  394,  1,        50,     49202,  14532808, nof,  0, 75,  0,    
  395,  1,       462,     49664,  14652928, non,  0, 69, 60,  A4
  396,  1,        50,     49714,  14665928, nof,  0, 70,  0,    
  397,  1,       462,     50176,  14786048, non,  0, 72, 63,  C5
  398,  1,        50,     50226,  14799048, nof,  0, 69,  0,    
  399,  1,       462,     50688,  14919168, non,  0, 73, 60, C#5
  400,  1,        50,     50738,  14932168, nof,  0, 72,  0,    
  401,  1,       462,     51200,  15052288, non,  0, 72, 58,  C5
  402,  1,        50,     51250,  15065288, nof,  0, 73,  0,    
   34,  0,      4096,     51712,  15185408,tempo,180,bpm,,    
  403,  1,       462,     51712,  15185408, ctl,  0, 64,  0,    
  404,  1,         0,     51712,  15185408, ctl,  0, 64,  0,    
  405,  1,         0,     51712,  15185408, non,  0, 75, 70, D#5
  406,  1,        50,     51762,  15201658, nof,  0, 72,  0,    
   35,  0,       512,     52224,  15351808,tempo,195,bpm,,    
  407,  1,       462,     52224,  15351808, non,  0, 73, 68, C#5
  408,  1,        50,     52274,  15366808, nof,  0, 75,  0,    
   36,  0,       512,     52736,  15505408,tempo,210,bpm,,    
  409,  1,       462,     52736,  15505408, non,  0, 72, 66,  C5
  410,  1,        50,     52786,  15519358, nof,  0, 73,  0,    
   37,  0,       512,     53248,  15648256,tempo,225,bpm,,    
  411,  1,       462,     53248,  15648256, non,  0, 70, 64, A#4
  412,  1,        50,     53298,  15661256, nof,  0, 72,  0,    
  413,  1,       462,     53760,  15781376, non,  0, 69, 62,  A4
  414,  1,         0,     53760,  15781376, nof,  0, 64,  0,    
  415,  1,        50,     53810,  15794376, nof,  0, 70,  0,    
  416,  1,       462,     54272,  15914496, non,  0, 67, 60,  G4
  417,  1,        50,     54322,  15927496, nof,  0, 69,  0,    
   38,  0,      1536,     54784,  16047616,tempo,195,bpm,,    
  418,  1,       462,     54784,  16047616, non,  0, 66, 58, F#4
  419,  1,        50,     54834,  16062616, nof,  0, 67,  0,    
  420,  1,       462,     55296,  16201216, nof,  0, 48,  0,    
  421,  1,         0,     55296,  16201216, nof,  0, 54,  0,    
  422,  1,         0,     55296,  16201216, nof,  0, 58,  0,    
   39,  0,       768,     55552,  16278016,tempo,120,bpm,,    
  423,  1,       256,     55552,  16278016, non,  0, 64, 55,  E4
  424,  1,        50,     55602,  16302416, nof,  0, 66,  0,    
   40,  0,       768,     56320,  16652800,tempo,165,bpm,,    
  425,  1,       718,     56320,  16652800, ctl,  0, 64,  0,    
  426,  1,         0,     56320,  16652800, ctl,  0, 64,  0,    
  427,  1,         0,     56320,  16652800, non,  0, 52, 48,  E3
  428,  1,        50,     56370,  16670550, nof,  0, 64,  0,    
  429,  1,       347,     56717,  16793735, ctl,  0, 64,127,    
   41,  0,       512,     56832,  16834560,tempo,195,bpm,,    
  430,  1,       115,     56832,  16834560, non,  0, 63, 56, D#4
  431,  1,       512,     57344,  16988160, non,  0, 42, 34, F#2
  432,  1,       512,     57856,  17141760, nof,  0, 42,  0,    
  433,  1,         0,     57856,  17141760, non,  0, 36, 34,  C2
   42,  0,      2048,     58880,  17448960,tempo,225,bpm,,    
  434,  1,      1024,     58880,  17448960, nof,  0, 63,  0,    
  435,  1,         0,     58880,  17448960, non,  0, 62, 55,  D4
  436,  1,         0,     58880,  17448960, nof,  0, 36,  0,    
  437,  1,         0,     58880,  17448960, non,  0, 42, 35, F#2
   43,  0,       512,     59392,  17582080,tempo,180,bpm,,    
  438,  1,       512,     59392,  17582080, ctl,  0, 64,  0,    
  439,  1,         0,     59392,  17582080, nof,  0, 62,  0,    
  440,  1,         0,     59392,  17582080, non,  0, 61, 55, C#4
  441,  1,       384,     59776,  17706880, ctl,  0, 64,127,    
   44,  0,       512,     59904,  17748480,tempo,195,bpm,,    
  442,  1,       128,     59904,  17748480, nof,  0, 61,  0,    
  443,  1,         0,     59904,  17748480, non,  0, 58, 55, A#3
  444,  1,         0,     59904,  17748480, nof,  0, 42,  0,    
  445,  1,         0,     59904,  17748480, non,  0, 36, 35,  C2
  446,  1,       512,     60416,  17902080, nof,  0, 58,  0,    
  447,  1,         0,     60416,  17902080, non,  0, 57, 54,  A3
  448,  1,       512,     60928,  18055680, ctl,  0, 64,  0,    
  449,  1,         0,     60928,  18055680, ctl,  0, 64,127,    
  450,  1,         0,     60928,  18055680, nof,  0, 52,  0,    
  451,  1,         0,     60928,  18055680, nof,  0, 57,  0,    
  452,  1,         0,     60928,  18055680, nof,  0, 36,  0,    
  453,  1,         0,     60928,  18055680, non,  0, 49, 42, C#3
  454,  1,         0,     60928,  18055680, non,  0, 55, 42,  G3
  455,  1,         0,     60928,  18055680, non,  0, 58, 42, A#3
  456,  1,         0,     60928,  18055680, non,  0, 63, 42, D#4
  457,  1,         0,     60928,  18055680, non,  0, 67, 59,  G4
  458,  1,       175,     61103,  18108180, ctl,  0, 64,  0,    
  459,  1,       321,     61424,  18204480, ctl,  0, 64,127,    
  460,  1,        16,     61440,  18209280, non,  0, 42, 36, F#2
  461,  1,       512,     61952,  18362880, nof,  0, 42,  0,    
  462,  1,         0,     61952,  18362880, non,  0, 36, 36,  C2
  463,  1,       512,     62464,  18516480, nof,  0, 36,  0,    
  464,  1,         0,     62464,  18516480, non,  0, 42, 37, F#2
  465,  1,      1024,     63488,  18823680, nof,  0, 42,  0,    
  466,  1,         0,     63488,  18823680, non,  0, 36, 37,  C2
  467,  1,       512,     64000,  18977280, nof,  0, 36,  0,    
  468,  1,         0,     64000,  18977280, non,  0, 42, 38, F#2
  469,  1,       512,     64512,  19130880, nof,  0, 42,  0,    
  470,  1,         0,     64512,  19130880, non,  0, 36, 38,  C2
  471,  1,       512,     65024,  19284480, nof,  0, 36,  0,    
  472,  1,         0,     65024,  19284480, non,  0, 42, 38, F#2
   45,  0,      5632,     65536,  19438080,tempo,165,bpm,,    
  473,  1,       512,     65536,  19438080, ctl,  0, 64,  0,    
  474,  1,         0,     65536,  19438080, ctl,  0, 64,  0,    
  475,  1,         0,     65536,  19438080, ctl,  0, 64,127,    
  476,  1,         0,     65536,  19438080, ctl,  0, 64,  0,    
  477,  1,         0,     65536,  19438080, nof,  0, 49,  0,    
  478,  1,         0,     65536,  19438080, nof,  0, 55,  0,    
  479,  1,         0,     65536,  19438080, nof,  0, 58,  0,    
  480,  1,         0,     65536,  19438080, nof,  0, 63,  0,    
  481,  1,         0,     65536,  19438080, nof,  0, 67,  0,    
  482,  1,         0,     65536,  19438080, nof,  0, 42,  0,    
  483,  1,         0,     65536,  19438080, non,  0, 58, 55, A#3
  484,  1,       216,     65752,  19514760, ctl,  0, 64,  0,    
  485,  1,       181,     65933,  19579015, ctl,  0, 64,127,    
   46,  0,       512,     66048,  19619840,tempo,195,bpm,,    
  486,  1,       115,     66048,  19619840, non,  0, 69, 65,  A4
  487,  1,       512,     66560,  19773440, non,  0, 42, 55, F#2
  488,  1,       512,     67072,  19927040, nof,  0, 42,  0,    
  489,  1,         0,     67072,  19927040, non,  0, 36, 55,  C2
   47,  0,      2048,     68096,  20234240,tempo,225,bpm,,    
  490,  1,      1024,     68096,  20234240, nof,  0, 69,  0,    
  491,  1,         0,     68096,  20234240, non,  0, 68, 63, G#4
  492,  1,         0,     68096,  20234240, nof,  0, 36,  0,    
  493,  1,         0,     68096,  20234240, non,  0, 42, 55, F#2
  494,  1,       512,     68608,  20367360, ctl,  0, 64,  0,    
  495,  1,         0,     68608,  20367360, nof,  0, 68,  0,    
  496,  1,         0,     68608,  20367360, non,  0, 67, 67,  G4
  497,  1,       384,     68992,  20467200, ctl,  0, 64,127,    
   48,  0,      1024,     69120,  20500480,tempo,195,bpm,,    
  498,  1,       128,     69120,  20500480, nof,  0, 67,  0,    
  499,  1,         0,     69120,  20500480, non,  0, 64, 64,  E4
  500,  1,         0,     69120,  20500480, nof,  0, 42,  0,    
  501,  1,         0,     69120,  20500480, non,  0, 36, 55,  C2
  502,  1,       512,     69632,  20654080, nof,  0, 64,  0,    
  503,  1,         0,     69632,  20654080, non,  0, 63, 62, D#4
   49,  0,      1024,     70144,  20807680,tempo,120,bpm,,    
  504,  1,       512,     70144,  20807680, ctl,  0, 64,  0,    
  505,  1,         0,     70144,  20807680, ctl,  0, 64,  0,    
  506,  1,         0,     70144,  20807680, ctl,  0, 64,127,    
  507,  1,         0,     70144,  20807680, ctl,  0, 64,  0,    
  508,  1,         0,     70144,  20807680, ctl,  0, 64,  0,    
  509,  1,         0,     70144,  20807680, nof,  0, 63,  0,    
  510,  1,         0,     70144,  20807680, nof,  0, 58,  0,    
  511,  1,         0,     70144,  20807680, nof,  0, 36,  0,    
  512,  1,         0,     70144,  20807680, non,  0, 55, 64,  G3
  513,  1,         0,     70144,  20807680, non,  0, 61, 64, C#4
  514,  1,         0,     70144,  20807680, non,  0, 64, 64,  E4
  515,  1,         0,     70144,  20807680, non,  0, 69, 64,  A4
  516,  1,         0,     70144,  20807680, non,  0, 73, 84, C#5
  517,  1,       175,     70319,  20893080, ctl,  0, 64,  0,    
  518,  1,       321,     70640,  21049728, ctl,  0, 64,127,    
   50,  0,       512,     70656,  21057536,tempo,195,bpm,,    
  519,  1,        16,     70656,  21057536, non,  0, 75, 84, D#5
  520,  1,         0,     70656,  21057536, non,  0, 42, 41, F#2
  521,  1,       512,     71168,  21211136, nof,  0, 42,  0,    
  522,  1,         0,     71168,  21211136, non,  0, 36, 41,  C2
  523,  1,       512,     71680,  21364736, nof,  0, 36,  0,    
  524,  1,         0,     71680,  21364736, non,  0, 42, 41, F#2
  525,  1,      1024,     72704,  21671936, nof,  0, 42,  0,    
  526,  1,         0,     72704,  21671936, non,  0, 36, 41,  C2
  527,  1,       512,     73216,  21825536, nof,  0, 36,  0,    
  528,  1,         0,     73216,  21825536, non,  0, 42, 41, F#2
  529,  1,       512,     73728,  21979136, nof,  0, 42,  0,    
  530,  1,         0,     73728,  21979136, non,  0, 36, 41,  C2
   51,  0,      3584,     74240,  22132736,tempo,120,bpm,,    
  531,  1,       512,     74240,  22132736, nof,  0, 75,  0,    
  532,  1,         0,     74240,  22132736, non,  0, 75, 84, D#5
  533,  1,         0,     74240,  22132736, nof,  0, 36,  0,    
  534,  1,         0,     74240,  22132736, non,  0, 42, 41, F#2
   52,  0,       512,     74752,  22382592,tempo,195,bpm,,    
  535,  1,       512,     74752,  22382592, ctl,  0, 64,  0,    
  536,  1,         0,     74752,  22382592, ctl,  0, 64,  0,    
  537,  1,         0,     74752,  22382592, ctl,  0, 64,127,    
  538,  1,         0,     74752,  22382592, ctl,  0, 64,  0,    
  539,  1,         0,     74752,  22382592, ctl,  0, 64,  0,    
  540,  1,         0,     74752,  22382592, nof,  0, 75,  0,    
  541,  1,         0,     74752,  22382592, nof,  0, 55,  0,    
  542,  1,         0,     74752,  22382592, nof,  0, 61,  0,    
  543,  1,         0,     74752,  22382592, nof,  0, 64,  0,    
  544,  1,         0,     74752,  22382592, nof,  0, 69,  0,    
  545,  1,         0,     74752,  22382592, nof,  0, 73,  0,    
  546,  1,         0,     74752,  22382592, nof,  0, 42,  0,    
  547,  1,         0,     74752,  22382592, non,  0, 64, 40,  E4
  548,  1,         0,     74752,  22382592, non,  0, 75, 55, D#5
  549,  1,         0,     74752,  22382592, non,  0, 58, 52, A#3
  550,  1,       216,     74968,  22447392, ctl,  0, 64,  0,    
  551,  1,       181,     75149,  22501692, ctl,  0, 64,127,    
  552,  1,       627,     75776,  22689792, non,  0, 42, 40, F#2
  553,  1,       512,     76288,  22843392, nof,  0, 42,  0,    
  554,  1,         0,     76288,  22843392, non,  0, 36, 40,  C2
  555,  1,      1024,     77312,  23150592, nof,  0, 75,  0,    
  556,  1,         0,     77312,  23150592, non,  0, 74, 55,  D5
  557,  1,         0,     77312,  23150592, nof,  0, 36,  0,    
  558,  1,         0,     77312,  23150592, non,  0, 42, 40, F#2
  559,  1,       512,     77824,  23304192, ctl,  0, 64,  0,    
  560,  1,         0,     77824,  23304192, nof,  0, 74,  0,    
  561,  1,         0,     77824,  23304192, non,  0, 73, 55, C#5
  562,  1,       384,     78208,  23419392, ctl,  0, 64,127,    
   53,  0,      3584,     78336,  23457792,tempo,195,bpm,,    
  563,  1,       128,     78336,  23457792, nof,  0, 73,  0,    
  564,  1,         0,     78336,  23457792, non,  0, 70, 55, A#4
  565,  1,         0,     78336,  23457792, nof,  0, 42,  0,    
  566,  1,         0,     78336,  23457792, non,  0, 36, 40,  C2
  567,  1,       512,     78848,  23611392, nof,  0, 70,  0,    
  568,  1,         0,     78848,  23611392, non,  0, 69, 55,  A4
   54,  0,      1024,     79360,  23764992,tempo,120,bpm,,    
  569,  1,       512,     79360,  23764992, ctl,  0, 64,  0,    
  570,  1,         0,     79360,  23764992, ctl,  0, 64,  0,    
  571,  1,         0,     79360,  23764992, ctl,  0, 64,127,    
  572,  1,         0,     79360,  23764992, ctl,  0, 64,  0,    
  573,  1,         0,     79360,  23764992, ctl,  0, 64,  0,    
  574,  1,         0,     79360,  23764992, ctl,  0, 64,  0,    
  575,  1,         0,     79360,  23764992, nof,  0, 69,  0,    
  576,  1,         0,     79360,  23764992, nof,  0, 64,  0,    
  577,  1,         0,     79360,  23764992, nof,  0, 36,  0,    
  578,  1,         0,     79360,  23764992, nof,  0, 58,  0,    
  579,  1,         0,     79360,  23764992, non,  0, 55, 49,  G3
  580,  1,         0,     79360,  23764992, non,  0, 61, 49, C#4
  581,  1,         0,     79360,  23764992, non,  0, 72, 64,  C5
  582,  1,       175,     79535,  23850392, ctl,  0, 64,  0,    
  583,  1,       321,     79856,  24007040, ctl,  0, 64,127,    
   55,  0,       512,     79872,  24014848,tempo,195,bpm,,    
  584,  1,        16,     79872,  24014848, non,  0, 52, 46,  E3
  585,  1,         0,     79872,  24014848, non,  0, 64, 61,  E4
  586,  1,         0,     79872,  24014848, non,  0, 45, 42,  A2
  587,  1,       512,     80384,  24168448, nof,  0, 45,  0,    
  588,  1,         0,     80384,  24168448, non,  0, 39, 43, D#2
  589,  1,       512,     80896,  24322048, nof,  0, 39,  0,    
  590,  1,         0,     80896,  24322048, non,  0, 45, 44,  A2
  591,  1,      1024,     81920,  24629248, nof,  0, 45,  0,    
  592,  1,         0,     81920,  24629248, non,  0, 39, 46, D#2
  593,  1,       512,     82432,  24782848, nof,  0, 39,  0,    
  594,  1,         0,     82432,  24782848, non,  0, 45, 47,  A2
  595,  1,       512,     82944,  24936448, nof,  0, 45,  0,    
  596,  1,         0,     82944,  24936448, non,  0, 39, 48, D#2
   56,  0,      3584,     83456,  25090048,tempo,165,bpm,,    
  597,  1,       512,     83456,  25090048, nof,  0, 52,  0,    
  598,  1,         0,     83456,  25090048, nof,  0, 64,  0,    
  599,  1,         0,     83456,  25090048, non,  0, 52, 50,  E3
  600,  1,         0,     83456,  25090048, non,  0, 64, 66,  E4
  601,  1,         0,     83456,  25090048, nof,  0, 39,  0,    
  602,  1,         0,     83456,  25090048, non,  0, 45, 49,  A2
  603,  1,       512,     83968,  25271808, ctl,  0, 64,  0,    
  604,  1,         0,     83968,  25271808, ctl,  0, 64,  0,    
  605,  1,         0,     83968,  25271808, ctl,  0, 64,127,    
  606,  1,         0,     83968,  25271808, ctl,  0, 64,  0,    
  607,  1,         0,     83968,  25271808, ctl,  0, 64,  0,    
  608,  1,         0,     83968,  25271808, ctl,  0, 64,  0,    
  609,  1,         0,     83968,  25271808, nof,  0, 55,  0,    
  610,  1,         0,     83968,  25271808, nof,  0, 61,  0,    
  611,  1,         0,     83968,  25271808, nof,  0, 72,  0,    
  612,  1,         0,     83968,  25271808, nof,  0, 45,  0,    
  613,  1,         0,     83968,  25271808, non,  0, 55, 50,  G3
  614,  1,       216,     84184,  25348488, ctl,  0, 64,  0,    
  615,  1,       181,     84365,  25412743, ctl,  0, 64,127,    
   57,  0,      1024,     84480,  25453568,tempo,195,bpm,,    
  616,  1,       115,     84480,  25453568, non,  0, 61, 55, C#4
  617,  1,         0,     84480,  25453568, non,  0, 72, 67,  C5
  618,  1,       512,     84992,  25607168, nof,  0, 52,  0,    
  619,  1,         0,     84992,  25607168, nof,  0, 64,  0,    
  620,  1,         0,     84992,  25607168, non,  0, 45, 50,  A2
   58,  0,      1024,     85504,  25760768,tempo,210,bpm,,    
  621,  1,       512,     85504,  25760768, nof,  0, 45,  0,    
  622,  1,         0,     85504,  25760768, non,  0, 39, 51, D#2
  623,  1,      1024,     86528,  26046464, nof,  0, 72,  0,    
  624,  1,         0,     86528,  26046464, non,  0, 71, 59,  B4
  625,  1,         0,     86528,  26046464, nof,  0, 39,  0,    
  626,  1,         0,     86528,  26046464, non,  0, 45, 53,  A2
   59,  0,      1536,     87040,  26189312,tempo,180,bpm,,    
  627,  1,       512,     87040,  26189312, ctl,  0, 64,  0,    
  628,  1,         0,     87040,  26189312, nof,  0, 71,  0,    
  629,  1,         0,     87040,  26189312, non,  0, 70, 60, A#4
  630,  1,       384,     87424,  26314112, ctl,  0, 64,127,    
   60,  0,       512,     87552,  26355712,tempo,210,bpm,,    
  631,  1,       128,     87552,  26355712, nof,  0, 70,  0,    
  632,  1,         0,     87552,  26355712, non,  0, 67, 61,  G4
  633,  1,         0,     87552,  26355712, nof,  0, 45,  0,    
  634,  1,         0,     87552,  26355712, non,  0, 39, 54, D#2
  635,  1,       512,     88064,  26498560, nof,  0, 67,  0,    
  636,  1,         0,     88064,  26498560, non,  0, 66, 63, F#4
   61,  0,      1024,     88576,  26641408,tempo,165,bpm,,    
  637,  1,       512,     88576,  26641408, ctl,  0, 64,  0,    
  638,  1,         0,     88576,  26641408, ctl,  0, 64,127,    
  639,  1,         0,     88576,  26641408, ctl,  0, 64,  0,    
  640,  1,         0,     88576,  26641408, ctl,  0, 64,  0,    
  641,  1,         0,     88576,  26641408, nof,  0, 66,  0,    
  642,  1,         0,     88576,  26641408, nof,  0, 61,  0,    
  643,  1,         0,     88576,  26641408, nof,  0, 39,  0,    
  644,  1,         0,     88576,  26641408, nof,  0, 55,  0,    
  645,  1,         0,     88576,  26641408, non,  0, 58, 60, A#3
  646,  1,       216,     88792,  26718088, ctl,  0, 64,  0,    
  647,  1,       181,     88973,  26782343, ctl,  0, 64,127,    
   62,  0,       512,     89088,  26823168,tempo,225,bpm,,    
  648,  1,       115,     89088,  26823168, non,  0, 69, 61,  A4
  649,  1,         0,     89088,  26823168, non,  0, 48, 55,  C3
  650,  1,       512,     89600,  26956288, nof,  0, 48,  0,    
  651,  1,         0,     89600,  26956288, non,  0, 42, 58, F#2
  652,  1,      1024,     90624,  27222528, nof,  0, 42,  0,    
  653,  1,         0,     90624,  27222528, non,  0, 48, 55,  C3
  654,  1,       512,     91136,  27355648, nof,  0, 69,  0,    
  655,  1,         0,     91136,  27355648, non,  0, 68, 66, G#4
  656,  1,       512,     91648,  27488768, ctl,  0, 64,  0,    
  657,  1,         0,     91648,  27488768, nof,  0, 68,  0,    
  658,  1,         0,     91648,  27488768, non,  0, 67, 68,  G4
  659,  1,         0,     91648,  27488768, nof,  0, 48,  0,    
  660,  1,         0,     91648,  27488768, non,  0, 42, 55, F#2
  661,  1,       384,     92032,  27588608, ctl,  0, 64,127,    
  662,  1,       128,     92160,  27621888, nof,  0, 67,  0,    
  663,  1,         0,     92160,  27621888, non,  0, 64, 66,  E4
  664,  1,       512,     92672,  27755008, nof,  0, 64,  0,    
  665,  1,         0,     92672,  27755008, non,  0, 63, 60, D#4
  666,  1,         0,     92672,  27755008, nof,  0, 42,  0,    
  667,  1,       512,     93184,  27888128, ctl,  0, 64,  0,    
  668,  1,         0,     93184,  27888128, ctl,  0, 64,  0,    
  669,  1,         0,     93184,  27888128, ctl,  0, 64,127,    
  670,  1,         0,     93184,  27888128, ctl,  0, 64,  0,    
  671,  1,         0,     93184,  27888128, nof,  0, 58,  0,    
  672,  1,         0,     93184,  27888128, nof,  0, 63,  0,    
  673,  1,         0,     93184,  27888128, non,  0, 66, 75, F#4
  674,  1,         0,     93184,  27888128, non,  0, 45, 49,  A2
  675,  1,         0,     93184,  27888128, non,  0, 51, 49, D#3
  676,  1,         0,     93184,  27888128, non,  0, 55, 49,  G3
  677,  1,         0,     93184,  27888128, non,  0, 58, 64, A#3
  678,  1,       251,     93435,  27953388, ctl,  0, 64,  0,    
  679,  1,       282,     93717,  28026708, ctl,  0, 64,127,    
  680,  1,      1515,     95232,  28420608, nof,  0, 66,  0,    
  681,  1,         0,     95232,  28420608, non,  0, 61, 62, C#4
  682,  1,       512,     95744,  28553728, nof,  0, 61,  0,    
  683,  1,         0,     95744,  28553728, non,  0, 60, 62,  C4
   63,  0,      7168,     96256,  28686848,tempo,195,bpm,,    
  684,  1,       512,     96256,  28686848, nof,  0, 60,  0,    
  685,  1,         0,     96256,  28686848, non,  0, 63, 66, D#4
  686,  1,        63,     96319,  28705748, ctl,  0, 64,  0,    
  687,  1,       282,     96601,  28790348, ctl,  0, 64,127,    
   64,  0,       512,     96768,  28840448,tempo,225,bpm,,    
  688,  1,       167,     96768,  28840448, nof,  0, 63,  0,    
  689,  1,         0,     96768,  28840448, non,  0, 64, 64,  E4
  690,  1,       512,     97280,  28973568, nof,  0, 64,  0,    
  691,  1,         0,     97280,  28973568, non,  0, 63, 62, D#4
   65,  0,      1024,     97792,  29106688,tempo,195,bpm,,    
  692,  1,       512,     97792,  29106688, ctl,  0, 64,  0,    
  693,  1,         0,     97792,  29106688, ctl,  0, 64,  0,    
  694,  1,         0,     97792,  29106688, ctl,  0, 64,127,    
  695,  1,         0,     97792,  29106688, ctl,  0, 64,  0,    
  696,  1,         0,     97792,  29106688, ctl,  0, 64,  0,    
  697,  1,         0,     97792,  29106688, nof,  0, 63,  0,    
  698,  1,         0,     97792,  29106688, non,  0, 66, 67, F#4
  699,  1,       251,     98043,  29181988, ctl,  0, 64,  0,    
   66,  0,       512,     98304,  29260288,tempo,225,bpm,,    
  700,  1,       261,     98304,  29260288, nof,  0, 66,  0,    
  701,  1,         0,     98304,  29260288, non,  0, 61, 65, C#4
  702,  1,        21,     98325,  29265748, ctl,  0, 64,127,    
  703,  1,       491,     98816,  29393408, nof,  0, 61,  0,    
  704,  1,         0,     98816,  29393408, non,  0, 60, 62,  C4
   67,  0,      1024,     99328,  29526528,tempo,240,bpm,,    
  705,  1,       512,     99328,  29526528, nof,  0, 60,  0,    
  706,  1,         0,     99328,  29526528, non,  0, 63, 62, D#4
  707,  1,        31,     99359,  29534092, ctl,  0, 64,  0,    
  708,  1,       314,     99673,  29610708, ctl,  0, 64,127,    
  709,  1,       167,     99840,  29651456, nof,  0, 63,  0,    
  710,  1,         0,     99840,  29651456, non,  0, 64, 64,  E4
  711,  1,       512,    100352,  29776384, nof,  0, 64,  0,    
  712,  1,         0,    100352,  29776384, non,  0, 63, 65, D#4
   68,  0,      1536,    100864,  29901312,tempo,195,bpm,,    
  713,  1,       512,    100864,  29901312, nof,  0, 63,  0,    
  714,  1,         0,    100864,  29901312, non,  0, 66, 67, F#4
   69,  0,       512,    101376,  30054912,tempo,225,bpm,,    
  715,  1,       512,    101376,  30054912, nof,  0, 66,  0,    
  716,  1,         0,    101376,  30054912, non,  0, 64, 66,  E4
  717,  1,       512,    101888,  30188032, nof,  0, 64,  0,    
  718,  1,         0,    101888,  30188032, non,  0, 63, 64, D#4
   70,  0,      1024,    102400,  30321152,tempo,195,bpm,,    
  719,  1,       512,    102400,  30321152, ctl,  0, 64,  0,    
  720,  1,         0,    102400,  30321152, ctl,  0, 64,  0,    
  721,  1,         0,    102400,  30321152, ctl,  0, 64,127,    
  722,  1,         0,    102400,  30321152, ctl,  0, 64,  0,    
  723,  1,         0,    102400,  30321152, ctl,  0, 64,  0,    
  724,  1,         0,    102400,  30321152, nof,  0, 63,  0,    
  725,  1,         0,    102400,  30321152, nof,  0, 45,  0,    
  726,  1,         0,    102400,  30321152, nof,  0, 51,  0,    
  727,  1,         0,    102400,  30321152, nof,  0, 55,  0,    
  728,  1,         0,    102400,  30321152, nof,  0, 58,  0,    
  729,  1,         0,    102400,  30321152, non,  0, 66, 65, F#4
  730,  1,         0,    102400,  30321152, non,  0, 42, 63, F#2
  731,  1,         0,    102400,  30321152, non,  0, 48, 63,  C3
  732,  1,         0,    102400,  30321152, non,  0, 52, 63,  E3
  733,  1,         0,    102400,  30321152, non,  0, 58, 75, A#3
  734,  1,       251,    102651,  30396452, ctl,  0, 64,  0,    
   71,  0,       512,    102912,  30474752,tempo,240,bpm,,    
  735,  1,       261,    102912,  30474752, nof,  0, 66,  0,    
  736,  1,         0,    102912,  30474752, non,  0, 67, 68,  G4
  737,  1,        21,    102933,  30479876, ctl,  0, 64,127,    
  738,  1,       491,    103424,  30599680, nof,  0, 67,  0,    
  739,  1,         0,    103424,  30599680, non,  0, 66, 70, F#4
  740,  1,       512,    103936,  30724608, nof,  0, 66,  0,    
  741,  1,         0,    103936,  30724608, non,  0, 69, 73,  A4
  742,  1,        94,    104030,  30747544, ctl,  0, 64,  0,    
  743,  1,       314,    104344,  30824160, ctl,  0, 64,127,    
  744,  1,       104,    104448,  30849536, nof,  0, 69,  0,    
  745,  1,         0,    104448,  30849536, non,  0, 64, 70,  E4
  746,  1,       512,    104960,  30974464, nof,  0, 64,  0,    
  747,  1,         0,    104960,  30974464, non,  0, 63, 67, D#4
  748,  1,       512,    105472,  31099392, nof,  0, 63,  0,    
  749,  1,         0,    105472,  31099392, non,  0, 66, 70, F#4
  750,  1,       512,    105984,  31224320, nof,  0, 66,  0,    
  751,  1,         0,    105984,  31224320, non,  0, 67, 74,  G4
  752,  1,       512,    106496,  31349248, nof,  0, 67,  0,    
  753,  1,         0,    106496,  31349248, non,  0, 66, 72, F#4
   72,  0,      4096,    107008,  31474176,tempo,180,bpm,,    
  754,  1,       512,    107008,  31474176, ctl,  0, 64,  0,    
  755,  1,         0,    107008,  31474176, ctl,  0, 64,  0,    
  756,  1,         0,    107008,  31474176, ctl,  0, 64,127,    
  757,  1,         0,    107008,  31474176, nof,  0, 66,  0,    
  758,  1,         0,    107008,  31474176, non,  0, 69, 77,  A4
  759,  1,       171,    107179,  31529751, ctl,  0, 64,  0,    
  760,  1,       268,    107447,  31616851, ctl,  0, 64,127,    
   73,  0,       512,    107520,  31640576,tempo,225,bpm,,    
  761,  1,        73,    107520,  31640576, nof,  0, 69,  0,    
  762,  1,         0,    107520,  31640576, non,  0, 67, 75,  G4
   74,  0,       512,    108032,  31773696,tempo,240,bpm,,    
  763,  1,       512,    108032,  31773696, nof,  0, 67,  0,    
  764,  1,         0,    108032,  31773696, non,  0, 66, 73, F#4
   75,  0,       512,    108544,  31898624,tempo,255,bpm,,    
  765,  1,       512,    108544,  31898624, nof,  0, 66,  0,    
  766,  1,         0,    108544,  31898624, non,  0, 64, 71,  E4
  767,  1,       512,    109056,  32015872, nof,  0, 64,  0,    
  768,  1,         0,    109056,  32015872, non,  0, 63, 69, D#4
  769,  1,         0,    109056,  32015872, nof,  0, 58,  0,    
  770,  1,       512,    109568,  32133120, nof,  0, 63,  0,    
  771,  1,         0,    109568,  32133120, non,  0, 61, 67, C#4
  772,  1,       463,    110031,  32239147, ctl,  0, 64,  0,    
  773,  1,        49,    110080,  32250368, nof,  0, 61,  0,    
  774,  1,         0,    110080,  32250368, non,  0, 60, 64,  C4
  775,  1,       512,    110592,  32367616, nof,  0, 60,  0,    
  776,  1,         0,    110592,  32367616, non,  0, 58, 69, A#3
  777,  1,         0,    110592,  32367616, nof,  0, 42,  0,    
  778,  1,         0,    110592,  32367616, nof,  0, 48,  0,    
  779,  1,         0,    110592,  32367616, nof,  0, 52,  0,    
   76,  0,      2560,    111104,  32484864,tempo,165,bpm,,    
  780,  1,       512,    111104,  32484864, nof,  0, 58,  0,    
  781,  1,         0,    111104,  32484864, non,  0, 57, 73,  A3
   77,  0,       512,    111616,  32666624,tempo,165,bpm,,    
  782,  1,       512,    111616,  32666624, nof,  0, 57,  0,    
   78,  0,      2048,    113664,  33393664,tempo,120,bpm,,    
  783,  1,      2048,    113664,  33393664, non,  0, 63, 80, D#4
  784,  1,        63,    113727,  33424408, ctl,  0, 64,127,    
   79,  0,       512,    114176,  33643520,tempo,165,bpm,,    
  785,  1,       449,    114176,  33643520, nof,  0, 63,  0,    
  786,  1,         0,    114176,  33643520, non,  0, 61, 75, C#4
  787,  1,       472,    114648,  33811080, ctl,  0, 64,  0,    
   80,  0,       512,    114688,  33825280,tempo,180,bpm,,    
  788,  1,        40,    114688,  33825280, nof,  0, 61,  0,    
  789,  1,         0,    114688,  33825280, non,  0, 60, 78,  C4
  790,  1,       436,    115124,  33966980, ctl,  0, 64,127,    
   81,  0,       512,    115200,  33991680,tempo,195,bpm,,    
  791,  1,        76,    115200,  33991680, nof,  0, 60,  0,    
  792,  1,         0,    115200,  33991680, non,  0, 58, 80, A#3
   82,  0,       512,    115712,  34145280,tempo,120,bpm,,    
  793,  1,       512,    115712,  34145280, nof,  0, 58,  0,    
  794,  1,         0,    115712,  34145280, non,  0, 57, 82,  A3
  795,  1,       274,    115986,  34278992, ctl,  0, 64,  0,    
   83,  0,       512,    116224,  34395136,tempo,120,bpm,,    
  796,  1,       238,    116224,  34395136, nof,  0, 57,  0,    
  797,  1,         0,    116224,  34395136, non,  0, 55, 85,  G3
  798,  1,       256,    116480,  34520064, non,  0, 52, 70,  E3
  799,  1,         0,    116480,  34520064, non,  0, 58, 70, A#3
  800,  1,         0,    116480,  34520064, non,  0, 60, 70,  C4
  801,  1,         0,    116480,  34520064, non,  0, 63, 86, D#4
  802,  1,         0,    116480,  34520064, non,  0, 30, 62, F#1
  803,  1,         0,    116480,  34520064, non,  0, 42, 78, F#2
  804,  1,      4352,    120832,  36643840, nof,  0, 52,  0,    
  805,  1,         0,    120832,  36643840, nof,  0, 55,  0,    
  806,  1,         0,    120832,  36643840, nof,  0, 58,  0,    
  807,  1,         0,    120832,  36643840, nof,  0, 60,  0,    
  808,  1,         0,    120832,  36643840, nof,  0, 63,  0,    
  809,  1,         0,    120832,  36643840, nof,  0, 30,  0,    
  810,  1,         0,    120832,  36643840, nof,  0, 42,  0,    
   84,  0,      9217,    125441,  38893032,eot,,,,    
  811,  1,      4609,    125441,  38893032,eot,,,,    
